Iteration,MeasuredDistance(m),Percent(%),PercentageAbs(%)
1,4000.0781,100.00194,0.0019571153
2,4000.2234,100.00557,0.005571022
3,4000.3718,100.00931,0.009306962
4,4000.5261,100.01317,0.013157678
5,4000.6516,100.01627,0.016278535
6,4000.772,100.0193,0.019295754
7,4000.9429,100.02356,0.023564216
8,4001.095,100.02738,0.027381295
9,4001.308,100.0327,0.03270714
10,4001.4016,100.035034,0.03503534
11,4001.517,100.03794,0.03793047
12,4001.6882,100.04219,0.0421916
13,4001.86,100.04651,0.046507012
14,4001.9832,100.04958,0.049583055
15,4002.1973,100.05495,0.05493505
16,4002.2422,100.056046,0.056048967
17,4002.4758,100.0619,0.061894435
18,4002.487,100.06218,0.062179424
19,4002.7007,100.067535,0.06752732
20,4002.9148,100.07289,0.07287875
21,4003.0815,100.07704,0.07704075
22,4003.0828,100.07708,0.0770746
23,4003.2747,100.08186,0.08186403
24,4003.403,100.085075,0.085075274
25,4003.5269,100.08817,0.088166095
26,4003.748,100.093704,0.09370861
27,4003.8965,100.09741,0.09740834
28,4003.927,100.09819,0.09818162
29,4004.0715,100.10179,0.10180092
30,4004.2585,100.10646,0.10645789
31,4004.4478,100.11119,0.111193255
32,4004.483,100.112076,0.11207144
33,4004.7644,100.119095,0.11910607
34,4004.8901,100.12225,0.12225902
35,4004.7983,100.11996,0.11995904
36,4005.2234,100.13058,0.13057981
37,4005.2468,100.13117,0.13117126
38,4005.4993,100.13749,0.13748486
39,4005.603,100.14007,0.14006916
40,4005.526,100.13814,0.13814148
41,4005.845,100.14611,0.14611454
42,4005.849,100.14624,0.14623612
43,4006.179,100.154465,0.1544628
44,4006.316,100.157906,0.15790078
45,4006.7632,100.16908,0.16907336
46,4006.7312,100.16826,0.16825745
47,4006.7922,100.16981,0.16980538
48,4006.998,100.17496,0.17494592
49,4006.912,100.1728,0.17279467
50,4007.3286,100.18321,0.18322323
51,4007.0906,100.17726,0.17725915
52,4007.771,100.19426,0.19426672
53,4007.727,100.19316,0.19316481
54,4007.604,100.19011,0.19010493
55,4007.8872,100.197174,0.1971713
56,4008.3477,100.208694,0.20869303
57,4008.4019,100.21005,0.21005002
58,4008.482,100.21205,0.21204838
59,4008.444,100.211105,0.21110956
60,4008.7144,100.21786,0.21786043
61,4008.7988,100.219986,0.2199734
62,4008.9153,100.22289,0.22288859
63,4009.0078,100.225204,0.22520284
64,4009.2769,100.23192,0.23191938
65,4009.3374,100.23341,0.23342328
66,4009.2026,100.230064,0.2300673
67,4009.659,100.24148,0.24147613
68,4009.437,100.235916,0.235913
69,4010.2202,100.25551,0.2555081
70,4010.147,100.25367,0.25366998
71,4010.3247,100.25811,0.25811607
72,4010.3333,100.25832,0.2583252
73,4010.4028,100.26007,0.26007527
74,4010.6433,100.26608,0.26608413
75,4010.7559,100.26889,0.26889625
76,4011.2278,100.280685,0.2806913
77,4011.3418,100.28354,0.28355122
78,4010.839,100.27098,0.27098107
79,4011.1985,100.27997,0.2799665
80,4011.8054,100.29514,0.29514495
81,4011.5054,100.28764,0.28764763
82,4011.847,100.29617,0.29617575
83,4011.957,100.298935,0.29892936
84,4011.9746,100.29936,0.29936224
85,4011.9097,100.297745,0.2977469
86,4012.4868,100.31219,0.31217876
87,4012.6191,100.315475,0.31548324
88,4012.3872,100.30967,0.30967703
89,4012.9382,100.32345,0.3234456
90,4013.2524,100.3313,0.3312984
91,4013.0676,100.3267,0.32670087
92,4013.1528,100.32882,0.32882592
93,4013.3774,100.334435,0.3344302
94,4013.6968,100.34242,0.3424269
95,4013.6484,100.34121,0.34121782
96,4013.7075,100.34269,0.34268504
97,4013.9414,100.34855,0.34854335
98,4014.3062,100.357666,0.3576629
99,4014.161,100.35403,0.35402542
100,4014.2124,100.3553,0.35530657
101,4014.7114,100.36778,0.3677846
102,4014.778,100.369446,0.36944368
103,4015.056,100.37639,0.37639815
104,4015.1558,100.37891,0.37889874
105,4014.8093,100.370255,0.3702428
106,4015.0938,100.37734,0.3773465
107,4015.8052,100.39513,0.3951261
108,4015.6946,100.39237,0.39236793
109,4016.0747,100.40186,0.40187255
110,4015.9224,100.39806,0.39805788
111,4016.2012,100.40503,0.4050305
112,4016.4036,100.410065,0.41008124
113,4016.3267,100.408165,0.40817055
114,4016.5425,100.41356,0.41356573
115,4016.5417,100.41355,0.41354746
116,4016.713,100.417816,0.41780847
117,4016.9714,100.4243,0.42428342
118,4017.3137,100.43283,0.43283615
119,4017.1387,100.42847,0.4284602
120,4017.5063,100.43767,0.43765944
121,4017.5376,100.438446,0.4384396
122,4017.5103,100.437775,0.43776545
123,4017.8215,100.44554,0.44555074
124,4017.8464,100.44614,0.44614428
125,4017.9036,100.44759,0.44759732
126,4018.314,100.45785,0.45784178
127,4018.2144,100.45536,0.4553566
128,4018.357,100.45891,0.45891413
129,4018.2598,100.45647,0.45648837
130,4019.095,100.47737,0.47738037
131,4018.8118,100.47031,0.4703009
132,4019.0444,100.47612,0.47611123
133,4019.184,100.4796,0.479596
134,4019.4102,100.485245,0.48525172
135,4019.0474,100.47618,0.47618455
136,4019.903,100.49758,0.49757737
137,4019.5227,100.488075,0.48806256
138,4019.7324,100.493286,0.4932952
139,4020.11,100.50276,0.5027653
140,4020.1965,100.504906,0.5049071
141,4020.2473,100.5062,0.5061871
142,4021.1167,100.52792,0.5279215
143,4020.433,100.510826,0.5108241
144,4021.088,100.5272,0.5271994
145,4020.811,100.52029,0.52027774
146,4021.0098,100.525246,0.525247
147,4021.1887,100.52974,0.52972615
148,4021.5815,100.53953,0.5395302
149,4021.8625,100.54657,0.54656506
150,4021.246,100.53114,0.5311481
151,4022.123,100.55307,0.55307376
152,4022.4263,100.56065,0.5606561
153,4021.7136,100.54284,0.5428413
154,4022.1262,100.55315,0.5531498
155,4022.5957,100.5649,0.5648981
156,4022.2195,100.5555,0.5554981
157,4023.0266,100.57565,0.575661
158,4022.5894,100.56474,0.56473994
159,4022.9048,100.572624,0.572629
160,4024.061,100.601524,0.6015317
161,4023.4968,100.58742,0.5874189
162,4023.2766,100.581924,0.58191437
163,4023.3735,100.58432,0.5843237
164,4023.4949,100.58737,0.5873696
165,4024.0396,100.601,0.60098404
166,4023.6555,100.591385,0.5913802
167,4024.6765,100.61691,0.6169038
168,4024.5366,100.61341,0.613406
169,4024.2817,100.60704,0.6070365
170,4024.1118,100.6028,0.60280573
171,4025.6504,100.64125,0.6412555
172,4024.6094,100.61525,0.6152424
173,4024.314,100.60784,0.6078503
174,4025.2083,100.63021,0.63021505
175,4026.1821,100.65456,0.65455306
176,4026.109,100.65274,0.6527382
177,4025.8997,100.647484,0.64747804
178,4024.9492,100.62373,0.62374055
179,4026.0425,100.65105,0.6510557
180,4025.9016,100.64755,0.64754707
181,4025.634,100.640854,0.64086366
182,4025.7856,100.64465,0.6446477
183,4026.8374,100.670944,0.6709384
184,4026.6724,100.66681,0.66681117
185,4025.734,100.64334,0.64334154
186,4026.4036,100.66008,0.66008747
187,4026.9438,100.6736,0.6736083
188,4027.2122,100.68029,0.6803029
189,4026.8875,100.67218,0.67218673
190,4027.1704,100.679245,0.67925215
191,4028.4097,100.71024,0.7102408
192,4027.2415,100.68104,0.6810398
193,4027.6296,100.69073,0.69073164
194,4027.7078,100.69269,0.6926948
195,4027.438,100.685936,0.68594426
196,4028.4155,100.71039,0.7103859
197,4027.7827,100.69458,0.694578
198,4029.7031,100.74256,0.742569
199,4028.2388,100.705956,0.705966
200,4026.1785,100.654465,0.6544631
201,4031.416,100.7854,0.78539777
202,4028.1875,100.70469,0.7046915
203,4029.903,100.747574,0.74757326
204,4030.6,100.764984,0.7649908
205,4027.8442,100.69612,0.6961125
206,4029.5122,100.73781,0.7378069
207,4031.259,100.78148,0.7814771
208,4027.6562,100.691414,0.69141155
209,4031.1042,100.77761,0.77760476
210,4029.1343,100.72837,0.7283738
211,4030.6184,100.76546,0.7654513
212,4030.478,100.761955,0.7619548
213,4030.9407,100.77351,0.77350825
214,4029.7407,100.743515,0.7435164
215,4029.7231,100.74309,0.74308836
216,4029.3293,100.73324,0.73323005
217,4032.2285,100.80571,0.8057132
218,4031.1016,100.77754,0.7775472
219,4032.2964,100.807396,0.8074029
220,4030.4543,100.76137,0.76136476
221,4033.5781,100.839455,0.8394536
222,4032.1577,100.80396,0.8039562
223,4032.8079,100.820206,0.82019776
224,4032.7454,100.818634,0.81862843
225,4033.3804,100.834526,0.83451825
226,4032.3325,100.80832,0.8083147
227,4032.7603,100.819016,0.8190017
228,4032.941,100.82354,0.82353497
229,4034.4038,100.86009,0.8601006
230,4033.1108,100.82778,0.82778186
231,4035.6719,100.8918,0.89179546
232,4034.0508,100.85127,0.85127896
233,4031.4058,100.78515,0.7851425
234,4035.118,100.87795,0.87794465
235,4036.8071,100.92019,0.9201824
236,4033.0273,100.82568,0.8256761
237,4034.0874,100.85219,0.85217506
238,4035.316,100.88291,0.88290215
239,4034.359,100.85898,0.8589721
240,4033.7798,100.8445,0.844497
241,4034.3093,100.85774,0.8577431
242,4035.6477,100.89119,0.891187
243,4035.2798,100.881996,0.88199776
244,4033.9968,100.84993,0.84992325
245,4038.9148,100.97288,0.97287285
246,4032.8276,100.8207,0.82069844
247,4035.4155,100.885376,0.88538456
248,4034.3198,100.85799,0.85799634
249,4034.4363,100.86091,0.8609072
250,4036.6797,100.917,0.91699743
251,4034.6855,100.86714,0.86713946
252,4037.9653,100.94913,0.9491316
253,4036.7122,100.91781,0.91780937
254,4036.7175,100.91794,0.91794956
255,4037.4648,100.93663,0.936621
256,4036.636,100.91591,0.9159056
257,4038.0813,100.95204,0.9520391
258,4039.6313,100.99077,0.99077386
259,4034.6555,100.8664,0.86638707
260,4038.166,100.95415,0.9541556
261,4037.8796,100.94701,0.94699335
262,4035.377,100.88443,0.8844342
263,4038.6055,100.96513,0.9651314
264,4040.3562,101.008896,1.0088952
265,4037.064,100.926605,0.92660856
266,4037.0105,100.92525,0.9252588
267,4039.4473,100.98619,0.9861964
268,4038.9285,100.973206,0.9732049
269,4038.056,100.9514,0.9514038
270,4038.9644,100.974106,0.97411835
271,4038.1504,100.95375,0.9537579
272,4041.714,101.04286,1.0428503
273,4038.7837,100.96959,0.96958894
274,4041.084,101.027084,1.0270967
275,4038.9614,100.974014,0.974016
276,4041.7388,101.04348,1.043472
277,4040.7175,101.01795,1.0179462
278,4038.6477,100.9662,0.9662005
279,4040.1165,101.002914,1.0029128
280,4040.9778,101.02444,1.0244449
281,4039.023,100.975586,0.9755856
282,4041.5874,101.03969,1.0396942
283,4038.6777,100.966965,0.9669555
284,4040.4492,101.011215,1.0112202
285,4042.6328,101.06581,1.0658066
286,4037.901,100.947525,0.94751894
287,4044.3293,101.10823,1.1082294
288,4044.3945,101.10987,1.1098627
289,4043.9536,101.09883,1.0988443
290,4041.5867,101.03968,1.039679
291,4039.4595,100.986496,0.98648804
292,4043.3547,101.08388,1.0838662
293,4044.896,101.12239,1.1223973
294,4045.4558,101.1364,1.136394
295,4039.9512,100.99879,0.9987788
296,4044.3398,101.10848,1.1084898
297,4043.645,101.09113,1.0911355
298,4041.843,101.046074,1.0460752
299,4043.4985,101.08746,1.087466
300,4044.8315,101.120804,1.120789
301,4043.2715,101.0818,1.0817989
302,4043.653,101.091324,1.0913227
303,4044.4941,101.11235,1.1123512
304,4047.0566,101.17641,1.1764181
305,4045.3762,101.134384,1.1343973
306,4044.7007,101.117516,1.1175172
307,4045.3223,101.13306,1.1330576
308,4042.9097,101.07273,1.0727443
309,4043.4175,101.08545,1.0854409
310,4046.6616,101.16654,1.1665385
311,4046.1536,101.153824,1.1538296
312,4044.3066,101.10768,1.1076752
313,4041.939,101.04849,1.0484883
314,4049.216,101.23039,1.2303977
315,4043.4011,101.08503,1.0850276
316,4046.3198,101.15801,1.158005
317,4047.034,101.17586,1.1758559
318,4046.6863,101.16717,1.167158
319,4047.5132,101.18783,1.1878271
320,4042.431,101.06077,1.0607679
321,4045.1472,101.12868,1.1286821
322,4050.5093,101.26273,1.2627313
323,4051.3745,101.28436,1.2843643
324,4047.8716,101.19679,1.1967908
325,4043.4663,101.08666,1.0866561
326,4049.2878,101.2322,1.2322056
327,4051.2747,101.28187,1.2818638
328,4049.4949,101.23735,1.237365
329,4046.1128,101.15283,1.1528336
330,4046.9597,101.17399,1.1739886
331,4049.8403,101.24602,1.2460152
332,4052.2578,101.30644,1.306449
333,4047.879,101.196976,1.196979
334,4049.9133,101.247826,1.2478307
335,4047.2974,101.18244,1.1824285
336,4047.4243,101.18561,1.1856053
337,4047.1133,101.17785,1.1778424
338,4050.914,101.27284,1.2728443
339,4048.1587,101.20396,1.2039587
340,4044.862,101.12157,1.1215526
341,4048.627,101.215675,1.2156757
342,4048.3796,101.20949,1.2094965
343,4050.8667,101.27167,1.271673
344,4050.1055,101.25264,1.2526424
345,4051.0813,101.27704,1.2770344
346,4051.8855,101.29715,1.29714
347,4052.2446,101.30612,1.3061286
348,4049.513,101.237816,1.2378241
349,4048.854,101.22135,1.2213458
350,4052.918,101.32296,1.3229622
351,4051.83,101.29576,1.2957507
352,4052.0593,101.30148,1.3014872
353,4050.5613,101.26405,1.2640537
354,4046.3938,101.15986,1.1598477
355,4048.0552,101.20139,1.2013884
356,4048.1804,101.20451,1.2045192
357,4055.2852,101.382126,1.3821259
358,4053.5454,101.33866,1.3386433
359,4055.254,101.38133,1.3813365
360,4051.47,101.286766,1.2867591
361,4048.7156,101.2179,1.2178952
362,4054.5774,101.36444,1.3644379
363,4053.3625,101.33406,1.3340601
364,4049.4766,101.23692,1.2369225
365,4052.731,101.318275,1.3182703
366,4055.7095,101.39272,1.3927345
367,4053.1633,101.32907,1.3290784
368,4050.3267,101.25816,1.2581679
369,4053.4226,101.33558,1.3355709
370,4049.7976,101.24493,1.244935
371,4051.4324,101.28581,1.2858199
372,4054.2456,101.356155,1.3561428
373,4052.9048,101.32262,1.3226204
374,4057.0828,101.42708,1.4270748
375,4057.7114,101.44277,1.4427825
376,4052.089,101.30223,1.3022246
377,4055.155,101.37889,1.3788825
378,4055.664,101.39161,1.3916147
379,4054.4805,101.362015,1.3620169
380,4056.9683,101.42421,1.4242092
381,4056.062,101.40155,1.4015468
382,4057.452,101.43631,1.4363048
383,4053.8599,101.34648,1.3464803
384,4054.0266,101.35067,1.3506663
385,4057.485,101.43713,1.4371355
386,4057.8813,101.44704,1.4470347
387,4053.8394,101.34599,1.3459909
388,4058.7664,101.46917,1.4691612
389,4060.8723,101.521805,1.5218039
390,4058.1235,101.45308,1.4530846
391,4057.941,101.448524,1.4485142
392,4057.3398,101.43349,1.4334934
393,4056.5457,101.41365,1.4136488
394,4056.5933,101.41484,1.4148388
395,4061.4375,101.53594,1.5359418
396,4061.9312,101.54829,1.5482861
397,4058.3914,101.45979,1.4597844
398,4055.3887,101.38472,1.3847237
399,4056.5571,101.413925,1.4139336
400,4053.5781,101.33944,1.3394525
401,4057.0894,101.42723,1.4272358
402,4059.981,101.49951,1.4995197
403,4061.1863,101.52968,1.5296661
404,4062.802,101.57005,1.5700533
405,4057.0215,101.42554,1.4255372
406,4060.3223,101.50807,1.5080594
407,4060.6978,101.51743,1.5174398
408,4061.9348,101.548355,1.5483644
409,4064.357,101.60893,1.6089302
410,4061.2788,101.53197,1.5319712
411,4059.8853,101.49713,1.4971288
412,4060.838,101.52095,1.52095
413,4056.071,101.40178,1.4017665
414,4055.1218,101.378044,1.3780435
415,4059.438,101.48595,1.4859473
416,4062.5332,101.56332,1.5633215
417,4059.4336,101.48583,1.4858396
418,4059.9883,101.49972,1.4997112
419,4064.1223,101.60305,1.603055
420,4062.106,101.55265,1.5526443
421,4062.161,101.55403,1.5540335
422,4061.359,101.53398,1.533971
423,4064.1948,101.60487,1.6048717
424,4061.4934,101.53733,1.5373253
425,4064.5496,101.613754,1.6137482
426,4061.39,101.534744,1.534749
427,4061.123,101.52808,1.5280734
428,4059.964,101.499115,1.49911
429,4057.6829,101.44206,1.442064
430,4062.5652,101.564125,1.5641328
431,4060.1157,101.50291,1.502894
432,4061.3965,101.53493,1.5349203
433,4064.0005,101.600006,1.6000122
434,4062.317,101.55791,1.557907
435,4063.1323,101.57832,1.5783131
436,4063.0833,101.57707,1.5770746
437,4060.2905,101.50725,1.5072646
438,4058.4849,101.46211,1.4621074
439,4059.0906,101.47726,1.4772623
440,4065.5886,101.63971,1.6397169
441,4068.0806,101.702,1.7020044
442,4065.2944,101.63237,1.6323627
443,4072.2983,101.807465,1.8074601
444,4071.8755,101.79688,1.7968851
445,4068.2988,101.707466,1.7074648
446,4060.6855,101.51715,1.5171479
447,4061.089,101.527245,1.5272306
448,4064.6555,101.61639,1.6163934
449,4059.4634,101.48659,1.4865838
450,4062.4106,101.560265,1.5602639
451,4064.9805,101.6245,1.624501
452,4065.5828,101.63959,1.6395708
453,4068.2837,101.7071,1.7070944
454,4067.436,101.6859,1.6858937
455,4062.0703,101.55177,1.5517763
456,4065.7983,101.64496,1.6449642
457,4057.8992,101.44747,1.4474735
458,4059.4714,101.48678,1.4867799
459,4066.5884,101.66472,1.6647079
460,4072.9922,101.82478,1.8247881
461,4071.5378,101.78847,1.788454
462,4066.4702,101.66176,1.6617635
463,4065.1606,101.62901,1.6290207
464,4067.5266,101.68817,1.6881664
465,4063.1672,101.57918,1.5791894
466,4061.6016,101.54004,1.5400481
467,4064.289,101.60722,1.6072228
468,4067.0774,101.676926,1.67694
469,4070.2063,101.75517,1.7551632
470,4070.1738,101.75434,1.7543337
471,4066.7598,101.669,1.6689953
472,4066.0767,101.65192,1.651922
473,4063.806,101.59515,1.5951502
474,4063.9097,101.59773,1.5977334
475,4065.7163,101.64292,1.6429075
476,4067.7324,101.69331,1.69331
477,4069.189,101.72974,1.7297297
478,4072.6309,101.81577,1.8157768
479,4068.5234,101.71307,1.7130817
480,4062.664,101.56661,1.5666072
481,4069.416,101.73538,1.7353876
482,4075.391,101.88478,1.8847864
483,4076.3645,101.9091,1.9091156
484,4070.7434,101.76858,1.768584
485,4070.1206,101.75304,1.753027
486,4062.5059,101.56264,1.5626324
487,4072.2153,101.805374,1.8053795
488,4075.8704,101.89677,1.8967673
489,4073.5942,101.83985,1.8398476
490,4068.8188,101.72048,1.7204832
491,4072.0796,101.80199,1.8019917
492,4073.146,101.82866,1.8286518
493,4071.7898,101.79473,1.7947409
494,4068.4556,101.71138,1.7113918
495,4065.83,101.64576,1.6457573
496,4073.1206,101.82802,1.8280118
497,4071.166,101.77914,1.7791456
498,4072.065,101.80161,1.8016121
499,4075.609,101.890236,1.8902336
500,4078.6953,101.96737,1.9673738
501,4076.9258,101.92314,1.9231389
502,4073.629,101.84071,1.8407192
503,4070.8582,101.77145,1.7714462
504,4066.7358,101.6684,1.6683922
505,4073.0454,101.82613,1.8261416
506,4071.4312,101.785774,1.7857857
507,4077.1438,101.9286,1.9285825
508,4074.9536,101.87384,1.8738362
509,4078.2063,101.955154,1.9551643
510,4075.9875,101.89969,1.8996828
511,4084.2825,102.10705,2.1070545
512,4075.9739,101.89936,1.8993485
513,4069.472,101.7368,1.7367907
514,4070.1633,101.75408,1.7540863
515,4078.2368,101.955925,1.9559307
516,4074.2324,101.85581,1.8558124
517,4074.952,101.873795,1.8737977
518,4071.4634,101.7866,1.7865915
519,4065.9155,101.64787,1.647888
520,4071.063,101.77657,1.7765749
521,4077.4688,101.936714,1.9367167
522,4077.8406,101.946014,1.9460166
523,4073.9,101.847496,1.8475002
524,4082.1062,102.05266,2.052656
525,4084.1177,102.10296,2.1029463
526,4075.7622,101.89405,1.8940462
527,4067.89,101.69725,1.6972549
528,4072.632,101.815796,1.8158026
529,4076.903,101.922585,1.9225782
530,4073.3481,101.8337,1.8337157
531,4080.9426,102.02357,2.0235696
532,4080.6804,102.01701,2.0170069
533,4080.2,102.00502,2.0050144
534,4079.946,101.99865,1.998656
535,4080.3599,102.00899,2.008988
536,4076.6348,101.915855,1.9158652
537,4074.0144,101.85036,1.8503519
538,4075.7063,101.892654,1.892659
539,4079.7278,101.993195,1.9931978
540,4081.7798,102.04449,2.0444934
541,4085.0454,102.12614,2.126124
542,4083.7258,102.093155,2.0931528
543,4080.4292,102.01075,2.0107467
544,4081.0747,102.02687,2.0268705
545,4082.6614,102.06655,2.0665379
546,4085.5093,102.13772,2.1377208
547,4085.1626,102.12906,2.1290588
548,4077.9395,101.94848,1.9484799
549,4082.024,102.05061,2.0506012
550,4081.2358,102.030876,2.0308785
551,4081.2905,102.03227,2.0322638
552,4081.1907,102.02975,2.0297525
553,4083.939,102.09848,2.098472
554,4089.862,102.24655,2.2465587
555,4083.7688,102.094215,2.094212
556,4085.2324,102.13081,2.130816
557,4082.811,102.070274,2.0702765
558,4079.2688,101.981705,1.9817079
559,4080.5024,102.012566,2.0125675
560,4084.2363,102.10591,2.10591
561,4083.6152,102.090385,2.0903845
562,4083.1992,102.07999,2.079988
563,4082.1562,102.0539,2.0539029
564,4084.6694,102.116745,2.1167421
565,4089.4922,102.23732,2.2373166
566,4087.2695,102.18174,2.1817353
567,4091.6765,102.291916,2.2919197
568,4086.391,102.1598,2.1597867
569,4081.3638,102.03408,2.0340965
570,4083.232,102.080795,2.080797
571,4081.9773,102.04943,2.0494287
572,4086.2578,102.15645,2.1564472
573,4081.8218,102.04553,2.0455315
574,4081.9448,102.04862,2.0486095
575,4076.8308,101.92076,1.9207604
576,4081.1125,102.027794,2.0278056
577,4087.2612,102.18151,2.1815174
578,4084.8992,102.12248,2.1224842
579,4085.6653,102.14164,2.1416368
580,4089.8054,102.24513,2.2451382
581,4081.647,102.04116,2.0411675
582,4081.0625,102.02657,2.026572
583,4082.427,102.06065,2.0606766
584,4084.925,102.12312,2.1231284
585,4088.7004,102.217514,2.2175145
586,4089.5493,102.23875,2.2387366
587,4080.577,102.01443,2.0144281
588,4076.0679,101.90171,1.9017032
589,4081.47,102.03674,2.0367436
590,4080.6958,102.0174,2.017395
591,4086.6504,102.16625,2.1662588
592,4092.1687,102.304214,2.3042147
593,4091.5078,102.28771,2.2877107
594,4090.5405,102.26352,2.2635114
595,4083.1453,102.07864,2.078632
596,4082.597,102.06494,2.0649338
597,4088.3237,102.20811,2.2081053
598,4089.5085,102.237724,2.2377248
599,4089.8079,102.24521,2.2452028
600,4087.398,102.18495,2.1849582
601,4092.5266,102.313156,2.3131645
602,4087.272,102.18179,2.1817944
603,4083.0403,102.07603,2.0760176
604,4089.1477,102.22871,2.2287014
605,4091.8848,102.297134,2.2971256
606,4089.3464,102.23368,2.2336795
607,4085.765,102.14412,2.1441193
608,4083.5222,102.08806,2.0880637
609,4085.811,102.14528,2.1452692
610,4085.739,102.14347,2.1434703
611,4086.0664,102.15167,2.1516635
612,4091.9304,102.29826,2.2982676
613,4091.9336,102.29834,2.2983365
614,4089.5884,102.23971,2.239707
615,4093.563,102.339066,2.3390656
616,4096.3145,102.40785,2.407855
617,4082.4194,102.060486,2.0604885
618,4090.4,102.259995,2.2600026
619,4087.1438,102.1786,2.1785867
620,4089.7222,102.24307,2.2430642
621,4084.2449,102.106125,2.1061294
622,4087.205,102.18013,2.180121
623,4089.409,102.235214,2.2352262
624,4100.0396,102.50099,2.5009837
625,4097.564,102.4391,2.4391012
626,4092.7878,102.319695,2.3196905
627,4089.6965,102.24241,2.2424068
628,4085.5774,102.13945,2.139442
629,4082.8433,102.07109,2.071088
630,4091.3481,102.28369,2.2836902
631,4099.697,102.49241,2.4924228
632,4093.8984,102.34746,2.3474534
633,4089.011,102.225266,2.2252672
634,4084.2937,102.107346,2.1073375
635,4085.4934,102.13733,2.1373298
636,4086.4336,102.160866,2.160853
637,4088.5703,102.214264,2.214267
638,4090.2812,102.257034,2.2570388
639,4089.5786,102.23946,2.2394633
640,4082.571,102.06428,2.0642824
641,4085.8762,102.14691,2.1468997
642,4089.565,102.23911,2.2391233
643,4092.5078,102.312706,2.3127007
644,4091.0735,102.276825,2.2768252
645,4090.9883,102.274704,2.2747064
646,4092.661,102.31652,2.3165116
647,4098.1533,102.453835,2.4538364
648,4097.59,102.43974,2.4397397
649,4096.7114,102.4178,2.417791
650,4090.14,102.25349,2.2534904
651,4089.1836,102.229576,2.2295864
652,4091.213,102.280334,2.280334
653,4088.9558,102.22389,2.2239015
654,4088.7427,102.21857,2.2185626
655,4088.412,102.210304,2.2103097
656,4085.773,102.144295,2.1443114
657,4090.8945,102.27235,2.2723587
658,4095.0593,102.37648,2.3764868
659,4100.5063,102.51265,2.5126433
660,4097.918,102.44795,2.4479532
661,4097.3433,102.43359,2.4335837
662,4095.7449,102.39362,2.3936296
663,4094.2812,102.35703,2.3570244
664,4098.44,102.461,2.4610045
665,4100.317,102.50791,2.5079093
666,4101.402,102.53505,2.5350394
667,4100.671,102.51677,2.5167851
668,4098.7104,102.46775,2.4677498
669,4087.0012,102.175026,2.1750264
670,4088.5984,102.21495,2.214951
671,4094.1711,102.35426,2.3542676
672,4098.673,102.46682,2.4668245
673,4099.5664,102.48916,2.48916
674,4102.1704,102.55424,2.5542512
675,4098.3955,102.459885,2.4598982
676,4101.7656,102.54411,2.5441284
677,4100.1313,102.50327,2.503283
678,4097.0576,102.42643,2.426436
679,4097.631,102.44076,2.4407542
680,4098.459,102.461464,2.4614623
681,4104.016,102.60039,2.6004055
682,4105.3896,102.63475,2.634747
683,4100.397,102.509926,2.5099282
684,4102.811,102.570274,2.5702686
685,4104.5913,102.614784,2.614779
686,4100.282,102.50706,2.5070655
687,4097.86,102.446495,2.4464898
688,4098.578,102.464455,2.4644532
689,4098.72,102.46802,2.4680173
690,4101.3896,102.534744,2.5347457
691,4101.6064,102.54016,2.540162
692,4104.497,102.61243,2.6124227
693,4101.339,102.53347,2.5334785
694,4100.5938,102.51485,2.514859
695,4097.88,102.447,2.4470053
696,4101.6055,102.54012,2.540132
697,4100.571,102.514244,2.514254
698,4100.6934,102.51735,2.5173414
699,4106.6123,102.665306,2.6653106
700,4112.8525,102.821304,2.8213038
701,4111.3604,102.78402,2.784019
702,4105.342,102.63353,2.6335368
703,4103.5615,102.589035,2.589045
704,4109.355,102.73389,2.7338874
705,4111.708,102.79269,2.7926853
706,4117.466,102.936646,2.9366403
707,4104.8535,102.62135,2.6213448
708,4101.203,102.530075,2.530068
709,4106.132,102.6533,2.6532977
710,4103.825,102.59563,2.5956497
711,4106.5845,102.6646,2.6645987
712,4113.4116,102.835304,2.8352845
713,4114.3994,102.85996,2.8599718
714,4110.3223,102.75808,2.758067
715,4109.8296,102.74574,2.7457478
716,4110.7793,102.769485,2.769482
717,4114.4844,102.86211,2.862109
718,4112.9272,102.8232,2.8231928
719,4107.3896,102.68474,2.684731
720,4099.9146,102.49786,2.497869
721,4099.3643,102.48411,2.4841065
722,4104.859,102.621475,2.6214674
723,4110.2393,102.75597,2.7559743
724,4109.436,102.735916,2.7358968
725,4097.6357,102.440895,2.4408958
726,4100.893,102.52232,2.5223262
727,4108.3657,102.70915,2.709147
728,4110.94,102.77348,2.7734864
729,4106.417,102.66044,2.6604297
730,4103.7915,102.59479,2.5947812
731,4102.173,102.5543,2.5543168
732,4108.67,102.71675,2.71675
733,4113.4185,102.83547,2.8354664
734,4110.697,102.76742,2.767421
735,4100.329,102.5082,2.5082078
736,4104.151,102.603775,2.6037679
737,4115.668,102.8917,2.8917034
738,4110.527,102.76317,2.7631702
739,4103.375,102.58437,2.5843804
740,4105.4663,102.63664,2.6366658
741,4101.146,102.528625,2.5286336
742,4103.628,102.59071,2.5907001
743,4108.5557,102.713905,2.7138977
744,4114.8706,102.87178,2.8717635
745,4116.0483,102.90122,2.9012096
746,4113.0107,102.82528,2.8252697
747,4108.9097,102.722755,2.7227433
748,4108.7173,102.71793,2.717922
749,4107.884,102.697105,2.6971073
750,4116.221,102.90552,2.9055278
751,4125.0713,103.126785,3.1267695
752,4120.0522,103.001305,3.0013049
753,4121.7754,103.04439,3.044395
754,4116.7783,102.91948,2.919468
755,4105.074,102.62687,2.6268673
756,4098.018,102.450424,2.4504385
757,4100.4243,102.510605,2.5106056
758,4106.4326,102.66083,2.6608243
759,4110.5225,102.76308,2.7630634
760,4115.052,102.8763,2.876286
761,4117.6226,102.940575,2.9405677
762,4110.423,102.760574,2.760575
763,4115.7954,102.8949,2.8948922
764,4126.9873,103.17467,3.1746755
765,4128.85,103.22125,3.2212434
766,4128.58,103.2145,3.2145054
767,4123.216,103.08038,3.0803998
768,4120.664,103.0166,3.016602
769,4114.187,102.85469,2.8546848
770,4109.4263,102.73566,2.7356558
771,4111.198,102.77997,2.7799594
772,4111.288,102.7822,2.7822056
773,4104.7695,102.61924,2.6192405
774,4111.6387,102.79098,2.7909782
775,4119.1953,102.9799,2.9798827
776,4114.8633,102.871605,2.8715994
777,4117.501,102.93752,2.9375255
778,4125.6904,103.14226,3.1422598
779,4125.37,103.134254,3.1342483
780,4119.002,102.97504,2.9750419
781,4122.7734,103.069336,3.0693345
782,4119.376,102.98439,2.984398
783,4116.7134,102.91785,2.9178395
784,4117.5015,102.93754,2.9375408
785,4118.826,102.97066,2.970648
786,4117.8975,102.94743,2.9474356
787,4113.1553,102.82888,2.8288808
788,4114.3843,102.85962,2.8596108
789,4107.428,102.68569,2.685688
790,4092.8481,102.32119,2.3212
791,4097.744,102.4436,2.4436052
792,4096.6973,102.41742,2.4174235
793,4103.2603,102.581505,2.5815065
794,4107.972,102.6993,2.6993146
795,4105.3057,102.63265,2.6326587
796,4109.2095,102.730225,2.7302318
797,4108.6636,102.71659,2.7165859
798,4106.9453,102.67362,2.6736236
799,4109.5215,102.73806,2.738049
800,4116.6377,102.91594,2.9159443
801,4117.744,102.94359,2.9435992
802,4108.6196,102.71548,2.71549
803,4115.1997,102.87998,2.8799837
804,4119.334,102.98334,2.9833415
805,4125.7314,103.143295,3.143301
806,4126.005,103.15015,3.1501408
807,4114.6978,102.86745,2.867454
808,4111.7905,102.794754,2.7947583
809,4106.577,102.66443,2.6644332
810,4113.1523,102.82881,2.8288014
811,4116.6396,102.91599,2.915986
812,4120.179,103.00448,3.0044773
813,4121.3784,103.03446,3.0344615
814,4118.4404,102.96101,2.9610069
815,4112.0757,102.8019,2.8019056
816,4117.8228,102.94558,2.9455714
817,4121.079,103.02698,3.0269659
818,4121.0947,103.02737,3.02737
819,4118.41,102.96023,2.9602444
820,4120.4976,103.01245,3.0124438
821,4128.03,103.200745,3.200748
822,4127.16,103.179,3.1790025
823,4119.939,102.99846,2.9984708
824,4120.2095,103.00523,3.0052257
825,4119.1455,102.97864,2.9786253
826,4126.1475,103.1537,3.153696
827,4123.5234,103.08809,3.088094
828,4120.875,103.021866,3.021871
829,4119.477,102.98692,2.9869263
830,4118.0283,102.95071,2.9507115
831,4121.313,103.03282,3.0328252
832,4121.0425,103.02605,3.0260475
833,4119.798,102.99495,2.994944
834,4119.334,102.98335,2.983354
835,4117.8584,102.94646,2.9464624
836,4121.5586,103.03896,3.0389633
837,4125.81,103.14526,3.1452646
838,4133.8423,103.34607,3.3460622
839,4130.9653,103.27413,3.2741342
840,4130.1133,103.25285,3.2528465
841,4124.493,103.11234,3.1123347
842,4123.655,103.09137,3.0913663
843,4131.388,103.28469,3.2847037
844,4126.7017,103.1675,3.1675236
845,4122.4116,103.060265,3.0602775
846,4123.1963,103.07991,3.0799098
847,4117.1323,102.92831,2.92831
848,4118.7656,102.969154,2.9691505
849,4112.5967,102.814926,2.8149197
850,4112.744,102.8186,2.8186054
851,4115.1343,102.87836,2.878359
852,4117.983,102.949585,2.9495685
853,4122.35,103.058754,3.0587416
854,4123.325,103.083115,3.0831149
855,4130.229,103.25572,3.2557175
856,4122.9146,103.07284,3.0728412
857,4122.724,103.06809,3.0680957
858,4125.93,103.14823,3.1482432
859,4125.2,103.130005,3.1300032
860,4125.1816,103.129555,3.129547
861,4129.961,103.24902,3.2490315
862,4132.5786,103.31445,3.3144448
863,4131.8906,103.297264,3.2972634
864,4124.6294,103.115746,3.1157384
865,4128.052,103.20128,3.2012916
866,4123.8535,103.09635,3.0963352
867,4132.4033,103.31008,3.310091
868,4127.6743,103.19186,3.1918623
869,4126.925,103.17312,3.1731217
870,4125.628,103.1407,3.140696
871,4126.647,103.166176,3.1661873
872,4130.659,103.2665,3.2664971
873,4137.169,103.429214,3.4292207
874,4137.3867,103.43467,3.4346766
875,4133.8745,103.34688,3.346875
876,4129.1743,103.229355,3.229364
877,4130.595,103.26488,3.2648811
878,4127.2227,103.18056,3.1805596
879,4133.527,103.33816,3.338169
880,4134.134,103.35335,3.353344
881,4124.1655,103.10414,3.1041481
882,4115.2876,102.88218,2.8821802
883,4120.4375,103.01094,3.010942
884,4128.3706,103.20925,3.2092621
885,4130.269,103.25673,3.2567315
886,4128.2275,103.20569,3.2056797
887,4130.8936,103.27232,3.2723408
888,4125.478,103.13695,3.136953
889,4118.5967,102.96493,2.964925
890,4116.7886,102.919716,2.9197261
891,4115.548,102.888695,2.888699
892,4118.481,102.96202,2.9620311
893,4122.622,103.06554,3.065535
894,4130.0215,103.250534,3.2505283
895,4124.4854,103.11212,3.1121297
896,4126.0674,103.151695,3.1516871
897,4126.356,103.15891,3.1589081
898,4130.336,103.2584,3.2583919
899,4123.7866,103.094666,3.0946703
900,4128.44,103.21101,3.2110012
901,4132.6455,103.316124,3.3161361
902,4135.983,103.399574,3.399575
903,4140.007,103.50017,3.5001807
904,4133.8413,103.34603,3.3460305
905,4134.2827,103.35707,3.3570702
906,4133.556,103.33891,3.3389125
907,4138.9697,103.47426,3.4742484
908,4139.1846,103.479614,3.4796212
909,4138.5327,103.46332,3.4633167
910,4140.7607,103.519,3.5190072
911,4144.964,103.62411,3.6240973
912,4137.3105,103.432755,3.4327533
913,4135.868,103.39669,3.3966994
914,4132.866,103.32168,3.3216758
915,4130.4805,103.26201,3.2620177
916,4128.4434,103.2111,3.2110965
917,4131.0107,103.27528,3.2752795
918,4129.5767,103.23942,3.239415
919,4122.103,103.052574,3.0525832
920,4115.096,102.877396,2.8774
921,4111.583,102.78959,2.7895749
922,4112.6353,102.81587,2.8158689
923,4125.0083,103.12518,3.1251945
924,4124.171,103.10429,3.1042728
925,4124.859,103.121475,3.1214674
926,4124.8784,103.12195,3.1219544
927,4122.853,103.07131,3.071319
928,4123.5234,103.0881,3.0880945
929,4128.449,103.21126,3.2112389
930,4133.409,103.33524,3.3352382
931,4130.63,103.26576,3.265757
932,4134.544,103.36359,3.3636043
933,4139.512,103.48781,3.4878032
934,4140.9507,103.52376,3.5237553
935,4135.445,103.38612,3.3861268
936,4141.218,103.53046,3.530447
937,4124.8057,103.120155,3.1201468
938,4126.339,103.15847,3.1584704
939,4129.1553,103.2289,3.2289042
940,4126.3394,103.15849,3.1584864
941,4123.5967,103.08992,3.089925
942,4125.281,103.132034,3.132028
943,4129.445,103.23613,3.2361283
944,4131.0205,103.27551,3.2755094
945,4131.42,103.2855,3.2855067
946,4131.2,103.280014,3.2800114
947,4137.886,103.44718,3.4471653
948,4141.6416,103.54104,3.54104
949,4144.068,103.60173,3.6017177
950,4139.255,103.48137,3.4813695
951,4126.7974,103.16994,3.169938
952,4131.118,103.277954,3.2779565
953,4136.546,103.41365,3.4136512
954,4136.7505,103.41876,3.4187617
955,4136.8315,103.42079,3.420794
956,4140.8936,103.522316,3.5223212
957,4136.919,103.42299,3.422974
958,4140.496,103.51235,3.5123763
959,4142.922,103.57304,3.5730457
960,4131.4087,103.28522,3.285215
961,4136.361,103.409035,3.4090302
962,4131.6055,103.290146,3.2901459
963,4132.9634,103.32408,3.3240902
964,4133.474,103.33687,3.3368564
965,4129.377,103.23442,3.2344298
966,4126.618,103.16547,3.16546
967,4129.9873,103.24968,3.2496853
968,4128.19,103.20475,3.2047477
969,4129.8384,103.24595,3.2459598
970,4133.5195,103.33799,3.3379886
971,4134.382,103.35952,3.359531
972,4141.917,103.54793,3.5479198
973,4142.794,103.56985,3.5698617
974,4145.5205,103.63802,3.6380222
975,4147.0215,103.67554,3.6755462
976,4144.142,103.60356,3.6035562
977,4138.914,103.472855,3.4728508
978,4141.029,103.52571,3.5257125
979,4142.6494,103.566246,3.5662332
980,4138.4946,103.462364,3.46236
981,4120.597,103.01495,3.0149486
982,4126.693,103.16732,3.167316
983,4140.2876,103.50718,3.5071774
984,4139.626,103.49065,3.490654
985,4148.0977,103.70244,3.7024376
986,4149.5396,103.73849,3.7384934
987,4136.978,103.42446,3.4244564
988,4146.627,103.66567,3.6656718
989,4154.1006,103.852516,3.8525085
990,4152.399,103.809975,3.80998
991,4151.59,103.78977,3.789746
992,4157.5312,103.93829,3.9382942
993,4154.3467,103.858665,3.858661
994,4155.184,103.87959,3.8795834
995,4153.146,103.828674,3.828661
996,4153.3975,103.834946,3.8349648
997,4145.536,103.63839,3.6384025
998,4142.475,103.56187,3.561874
999,4136.636,103.41592,3.4159055
1000,4147.7275,103.69319,3.6931825
1001,4147.279,103.681984,3.681977
1002,4141.1655,103.52915,3.5291443
1003,4139.6167,103.49042,3.490418
1004,4132.2075,103.305176,3.3051784
1005,4130.4585,103.261475,3.261467
1006,4134.776,103.3694,3.3694005
1007,4140.4307,103.510765,3.5107708
1008,4142.9277,103.573204,3.5731938
1009,4140.3877,103.509705,3.5097015
1010,4144.6626,103.61658,3.6165652
1011,4151.861,103.79653,3.7965229
1012,4148.2646,103.70664,3.706623
1013,4147.4307,103.685776,3.6857781
1014,4149.163,103.729065,3.7290757
1015,4150.618,103.765465,3.7654681
1016,4154.7646,103.86912,3.8691185
1017,4152.189,103.804726,3.8047276
1018,4152.63,103.81575,3.815747
1019,4151.9727,103.79933,3.7993248
1020,4155.132,103.87831,3.8783135
1021,4162.665,104.06661,4.0666227
1022,4167.2627,104.18158,4.181573
1023,4162.6064,104.06515,4.0651584
1024,4163.005,104.075096,4.0751066
1025,4162.651,104.06626,4.066269
1026,4162.6733,104.06683,4.0668325
1027,4160.167,104.00419,4.0041823
1028,4158.189,103.95471,3.954718
1029,4167.1533,104.17883,4.1788297
1030,4167.818,104.195435,4.1954427
1031,4175.667,104.39168,4.3916755
1032,4175.6406,104.39101,4.391008
1033,4166.132,104.1533,4.1532965
1034,4170.2705,104.256775,4.256776
1035,4160.8564,104.0214,4.021398
1036,4164.0127,104.100296,4.1002975
1037,4154.3135,103.85785,3.8578467
1038,4137.425,103.43559,3.4356017
1039,4130.6865,103.267136,3.2671502
1040,4133.335,103.33336,3.3333688
1041,4130.6216,103.265526,3.2655385
1042,4132.5103,103.31276,3.3127646
1043,4132.853,103.321335,3.3213375
1044,4142.0527,103.551315,3.5513217
1045,4150.8745,103.771835,3.7718625
1046,4155.2056,103.88014,3.880143
1047,4159.06,103.976524,3.976516
1048,4157.2783,103.93197,3.9319599
1049,4155.4595,103.886475,3.886488
1050,4148.678,103.71696,3.7169583
1051,4152.87,103.821754,3.8217568
1052,4154.4194,103.86047,3.8604789
1053,4147.696,103.692406,3.6924083
1054,4152.6533,103.816345,3.8163369
1055,4145.6475,103.64119,3.6411831
1056,4142.9214,103.57304,3.5730412
1057,4146.4893,103.66222,3.6622162
1058,4140.749,103.51874,3.518734
1059,4138.612,103.465294,3.465295
1060,4137.5815,103.43953,3.439537
1061,4138.762,103.46904,3.469054
1062,4147.2397,103.68101,3.6809967
1063,4153.9937,103.84983,3.8498394
1064,4161.9775,104.04944,4.0494347
1065,4157.5537,103.93886,3.9388547
1066,4161.6924,104.04231,4.0423064
1067,4156.413,103.910324,3.9103265
1068,4160.4805,104.01201,4.0120134
1069,4164.8467,104.12114,4.12115
1070,4159.9775,103.99941,3.9994252
1071,4156.5835,103.91459,3.9145927
1072,4160.243,104.00609,4.0060863
1073,4162.597,104.06492,4.0649242
1074,4155.6167,103.89043,3.8904223
1075,4155.965,103.89913,3.8991249
1076,4150.0225,103.750534,3.7505412
1077,4152.708,103.81769,3.817697
1078,4157.259,103.93148,3.9314742
1079,4149.0117,103.725296,3.7252922
1080,4150.1343,103.75337,3.7533524
1081,4156.727,103.91817,3.9181771
1082,4160.825,104.020615,4.0206146
1083,4165.2593,104.13149,4.1314836
1084,4168.737,104.21841,4.218418
1085,4174.214,104.35535,4.3553495
1086,4173.05,104.32622,4.3262377
1087,4159.41,103.98525,3.9852612
1088,4145.2715,103.63179,3.6317856
1089,4145.991,103.64978,3.649778
1090,4149.4224,103.73556,3.7355564
1091,4147.3257,103.68315,3.6831493
1092,4143.55,103.588745,3.5887501
1093,4138.8916,103.472275,3.4722755
1094,4139.3354,103.4834,3.483392
1095,4141.288,103.53219,3.532188
1096,4140.5537,103.51383,3.5138328
1097,4147.916,103.697876,3.697895
1098,4147.374,103.684326,3.6843457
1099,4148.282,103.70707,3.7070622
1100,4144.4443,103.6111,3.6111088
1101,4137.9854,103.44963,3.449628
1102,4138.1025,103.45256,3.4525604
1103,4137.5615,103.439026,3.4390397
1104,4137.714,103.44283,3.442845
1105,4144.4507,103.61128,3.6112816
1106,4145.9517,103.64879,3.6487935
1107,4143.536,103.5884,3.5884051
1108,4142.705,103.56764,3.5676398
1109,4142.5547,103.563866,3.5638738
1110,4144.956,103.623924,3.6239114
1111,4151.3447,103.78361,3.7836246
1112,4159.806,103.99516,3.9951577
1113,4161.743,104.0436,4.0435953
1114,4171.2,104.28001,4.2800117
1115,4174.3374,104.358444,4.3584456
1116,4172.2686,104.30672,4.3067083
1117,4163.353,104.08384,4.083837
1118,4165.586,104.13965,4.139654
1119,4164.2676,104.106674,4.1066713
1120,4166.759,104.16897,4.1689677
1121,4171.6235,104.29059,4.290581
1122,4173.56,104.33901,4.33902
1123,4176.4897,104.41223,4.412243
1124,4180.288,104.5072,4.507203
1125,4176.4214,104.410545,4.410544
1126,4177.2812,104.432045,4.4320383
1127,4176.2627,104.406555,4.4065647
1128,4178.3853,104.45962,4.4596167
1129,4178.2793,104.45697,4.456975
1130,4182.644,104.566124,4.5661197
1131,4178.4814,104.462036,4.462036
1132,4171.9463,104.29867,4.2986693
1133,4171.219,104.28047,4.280474
1134,4168.755,104.21885,4.2188506
1135,4168.4805,104.21201,4.212006
1136,4166.385,104.15961,4.1596055
1137,4174.402,104.36005,4.3600497
1138,4176.777,104.41943,4.4194193
1139,4186.2876,104.65719,4.6571856
1140,4179.595,104.48989,4.4898863
1141,4169.189,104.22975,4.2297378
1142,4169.042,104.22605,4.226051
1143,4166.9985,104.174965,4.174957
1144,4157.303,103.93258,3.932579
1145,4157.8896,103.94724,3.94725
1146,4152.5454,103.81362,3.8136322
1147,4150.151,103.75377,3.7537587
1148,4152.407,103.810196,3.810191
1149,4151.219,103.78048,3.780476
1150,4158.4404,103.961,3.9610069
1151,4159.9194,103.997986,3.9979908
1152,4167.045,104.17613,4.176135
1153,4169.499,104.23749,4.2374806
1154,4169.513,104.23784,4.2378397
1155,4171.4087,104.2852,4.2852106
1156,4166.336,104.1584,4.1583924
1157,4165.151,104.12876,4.1287737
1158,4172.3193,104.30798,4.307979
1159,4173.4116,104.33529,4.335286
1160,4177.502,104.437546,4.437555
1161,4181.5034,104.53758,4.5375876
1162,4183.2646,104.581604,4.5816026
1163,4179.921,104.498024,4.498025
1164,4169.9463,104.24864,4.2486486
1165,4166.448,104.16121,4.161214
1166,4168.0957,104.20237,4.2023764
1167,4171.2305,104.28078,4.2807627
1168,4176.465,104.411606,4.411618
1169,4179.387,104.484695,4.4846907
1170,4181.4673,104.53667,4.5366726
1171,4177.0303,104.42576,4.4257593
1172,4173.2104,104.33026,4.3302565
1173,4175.4736,104.38684,4.3868394
1174,4173.3877,104.33467,4.334675
1175,4172.017,104.3004,4.300414
1176,4174.0693,104.35173,4.3517394
1177,4164.3857,104.10964,4.109648
1178,4160.7803,104.01949,4.0195
1179,4163.6733,104.09182,4.09183
1180,4170.182,104.254555,4.2545495
1181,4175.7803,104.394516,4.394516
1182,4181.581,104.53953,4.539521
1183,4180.798,104.51997,4.519954
1184,4166.955,104.173874,4.173877
1185,4164.429,104.11074,4.110738
1186,4161.6587,104.041466,4.041468
1187,4170.3438,104.258606,4.258602
1188,4170.433,104.26084,4.2608366
1189,4170.751,104.268776,4.2687707
1190,4175.3413,104.383545,4.383546
1191,4173.919,104.34798,4.3479815
1192,4174.2085,104.35524,4.3552213
1193,4179.442,104.486046,4.4860435
1194,4180.286,104.507164,4.507163
1195,4174.451,104.36128,4.3612814
1196,4171.1753,104.279396,4.2793913
1197,4168.062,104.20155,4.201557
1198,4159.2017,103.98004,3.9800408
1199,4157.0186,103.92546,3.9254708
1200,4167.224,104.180626,4.1806045
1201,4173.1484,104.32871,4.328717
1202,4170.2607,104.256516,4.256513
1203,4165.876,104.14693,4.146917
1204,4165.134,104.12832,4.1283283
1205,4163.193,104.07982,4.079827
1206,4162.775,104.0694,4.069391
1207,4164.761,104.11903,4.119029
1208,4173.2935,104.33235,4.332338
1209,4177.729,104.44322,4.44322
1210,4173.7725,104.34432,4.3443136
1211,4169.822,104.24553,4.245541
1212,4171.3896,104.28473,4.284743
1213,4178.386,104.459656,4.4596605
1214,4175.0366,104.375916,4.375916
1215,4157.187,103.92969,3.9296832
1216,4164.508,104.11271,4.112698
1217,4167.931,104.19828,4.19828
1218,4160.953,104.02383,4.0238333
1219,4169.373,104.23433,4.23433
1220,4178.177,104.45442,4.454418
1221,4173.4634,104.336586,4.3365808
1222,4170.7646,104.26913,4.269129
1223,4170.496,104.26239,4.2623887
1224,4167.997,104.199936,4.1999326
1225,4174.743,104.36859,4.3685894
1226,4177.3267,104.43315,4.433158
1227,4176.044,104.40108,4.40109
1228,4182.0933,104.55232,4.5523224
1229,4188.9004,104.72251,4.722508
1230,4188.7607,104.71902,4.7190247
1231,4194.0166,104.8504,4.8504043
1232,4181.07,104.52676,4.5267615
1233,4174.766,104.36916,4.3691645
1234,4173.156,104.328896,4.328894
1235,4171.565,104.28914,4.289124
1236,4173.37,104.33425,4.3342614
1237,4173.156,104.3289,4.328904
1238,4169.1353,104.22839,4.2283773
1239,4176.4033,104.41008,4.4100857
1240,4179.5024,104.48757,4.4875703
1241,4172.624,104.31561,4.315608
1242,4161.2925,104.032326,4.0323234
1243,4161.7876,104.0447,4.0446973
1244,4159.9805,103.99951,3.9995103
1245,4164.9053,104.122635,4.122637
1246,4167.7007,104.192505,4.1925
1247,4168.6494,104.21623,4.21624
1248,4160.4165,104.010414,4.010414
1249,4168.2583,104.20646,4.2064557
1250,4171.835,104.29588,4.295887
1251,4178.0054,104.450134,4.45013
1252,4179.7773,104.49442,4.4944263
1253,4179.857,104.496414,4.4964194
1254,4174.79,104.369736,4.3697405
1255,4170.661,104.266556,4.2665405
1256,4171.467,104.28668,4.2866774
1257,4176.663,104.416565,4.416571
1258,4182.3,104.557495,4.557495
1259,4186.5713,104.664246,4.6642523
1260,4187.6123,104.69029,4.690303
1261,4187.015,104.67539,4.6753855
1262,4181.7744,104.54436,4.5443583
1263,4185.8555,104.646385,4.6463804
1264,4178.0923,104.45232,4.452309
1265,4175.5933,104.38982,4.3898335
1266,4176.2617,104.40653,4.4065337
1267,4174.5874,104.3647,4.364688
1268,4172.4873,104.31218,4.3121843
1269,4175.534,104.38838,4.388362
1270,4179.6436,104.49109,4.4910874
1271,4184.97,104.62425,4.6242495
1272,4185.8203,104.64549,4.6454973
1273,4194.014,104.85036,4.8503594
1274,4202.789,105.069725,5.069715
1275,4204.607,105.11517,5.115159
1276,4217.0205,105.4255,5.4255075
1277,4220.6187,105.51546,5.515452
1278,4216.4385,105.41097,5.4109683
1279,4214.207,105.35518,5.3551774
1280,4216.5527,105.41382,5.413806
1281,4212.8486,105.32121,5.3212194
1282,4206.1016,105.15254,5.1525426
1283,4206.4995,105.1625,5.162493
1284,4212.1113,105.30278,5.302779
1285,4209.92,105.248,5.248004
1286,4207.863,105.19657,5.196576
1287,4211.0576,105.27644,5.276432
1288,4212.034,105.30086,5.3008504
1289,4208.005,105.20012,5.200123
1290,4206.6753,105.16687,5.166876
1291,4205.6387,105.140976,5.140977
1292,4202.3706,105.05925,5.059264
1293,4198.325,104.958145,4.9581494
1294,4200.23,105.00575,5.005744
1295,4201.926,105.04816,5.0481596
1296,4204.353,105.10884,5.1088305
1297,4203.55,105.08872,5.0887403
1298,4201.019,105.02547,5.025472
1299,4197.2295,104.930725,4.930732
1300,4199.11,104.97777,4.977759
1301,4195.9033,104.89756,4.8975716
1302,4186.625,104.665634,4.6656313
1303,4190.5874,104.76469,4.7646694
1304,4186.2236,104.655594,4.655592
1305,4192.2305,104.805786,4.8057795
1306,4187.882,104.69704,4.697035
1307,4187.847,104.69618,4.6961823
1308,4184.4814,104.61202,4.612034
1309,4170.721,104.26802,4.2680244
1310,4170.058,104.251465,4.251454
1311,4164.096,104.10242,4.1024165
1312,4171.802,104.295044,4.295046
1313,4175.6826,104.39207,4.392071
1314,4180.167,104.504166,4.504167
1315,4184.4805,104.612,4.6120095
1316,4181.629,104.54073,4.5407395
1317,4182.2446,104.55611,4.5561132
1318,4186.9785,104.67446,4.674463
1319,4192.4194,104.81047,4.810467
1320,4195.796,104.8949,4.8948917
1321,4197.702,104.942566,4.9425645
1322,4191.661,104.79153,4.7915277
1323,4197.0884,104.92721,4.927217
1324,4195.5854,104.88965,4.8896437
1325,4192.2056,104.80514,4.8051443
1326,4190.273,104.756836,4.7568364
1327,4188.2954,104.707375,4.707382
1328,4182.1074,104.5527,4.5526886
1329,4179.933,104.49835,4.498348
1330,4178.5986,104.46498,4.464967
1331,4177.6763,104.44191,4.4419036
1332,4178.8013,104.47002,4.470023
1333,4183.083,104.57709,4.577081
1334,4175.9287,104.39822,4.3982153
1335,4180.209,104.50523,4.5052285
1336,4178.694,104.46733,4.467327
1337,4181.995,104.54988,4.549872
1338,4188.8647,104.72162,4.72162
1339,4194.621,104.865524,4.865526
1340,4201.4707,105.03676,5.0367546
1341,4205.7993,105.14497,5.144977
1342,4206.0654,105.15163,5.1516237
1343,4208.628,105.215675,5.2156887
1344,4197.438,104.935936,4.935944
1345,4198.638,104.96594,4.965946
1346,4196.4155,104.9104,4.910394
1347,4191.8887,104.79722,4.797215
1348,4193.721,104.84302,4.8430223
1349,4184.1426,104.60358,4.603571
1350,4189.743,104.74359,4.743586
1351,4198.074,104.95186,4.951856
1352,4206.538,105.16345,5.1634493
1353,4203.5303,105.08826,5.0882545
1354,4201.9263,105.04817,5.0481534
1355,4197.8623,104.94655,4.9465556
1356,4194.036,104.850914,4.850905
1357,4194.3633,104.85907,4.8590765
1358,4192.194,104.80483,4.8048315
1359,4190.5474,104.76367,4.7636724
1360,4194.6475,104.86619,4.866179
1361,4203.053,105.07632,5.0763197
1362,4199.0024,104.97505,4.9750595
1363,4194.366,104.85915,4.859149
1364,4195.888,104.8972,4.8972063
1365,4189.977,104.74943,4.749419
1366,4187.9697,104.69924,4.699246
1367,4193.6035,104.84007,4.840083
1368,4196.124,104.9031,4.903102
1369,4192.3525,104.8088,4.8088083
1370,4195.3115,104.88281,4.8828015
1371,4191.323,104.78306,4.783063
1372,4188.357,104.70892,4.7089195
1373,4197.1196,104.92799,4.927991
1374,4206.3677,105.159195,5.159192
1375,4207.426,105.18563,5.1856375
1376,4214.8843,105.37209,5.3721094
1377,4215.9,105.3975,5.3974996
1378,4213.423,105.335556,5.3355613
1379,4202.5444,105.063614,5.0636115
1380,4205.897,105.14742,5.147416
1381,4212.3057,105.30763,5.3076353
1382,4221.597,105.53993,5.5399275
1383,4226.393,105.65983,5.6598206
1384,4215.662,105.391556,5.3915534
1385,4214.3125,105.3578,5.3578005
1386,4209.982,105.24955,5.249547
1387,4208.722,105.21804,5.218049
1388,4214.2944,105.35736,5.3573546
1389,4210.411,105.26028,5.260295
1390,4209.3696,105.23425,5.2342467
1391,4199.317,104.98293,4.9829206
1392,4189.968,104.74922,4.7492037
1393,4184.8374,104.620926,4.620927
1394,4186.842,104.67104,4.671052
1395,4189.154,104.72886,4.7288523
1396,4196.406,104.91014,4.9101553
1397,4201.261,105.03152,5.0315285
1398,4190.7993,104.76998,4.7699785
1399,4184.956,104.6239,4.623899
1400,4190.726,104.76815,4.7681494
1401,4195.1177,104.877945,4.8779364
1402,4194.599,104.864975,4.8649764
1403,4191.1562,104.77889,4.778886
1404,4195.4355,104.88589,4.885894
1405,4200.1006,105.00252,5.002507
1406,4196.6475,104.916176,4.9161654
1407,4194.6836,104.867065,4.867074
1408,4196.0845,104.9021,4.9021015
1409,4191.9297,104.79824,4.798243
1410,4201.4976,105.03745,5.0374417
1411,4206.17,105.15425,5.154248
1412,4202.349,105.0587,5.058717
1413,4200.325,105.00813,5.0081253
1414,4207.6074,105.19021,5.1902056
1415,4209.882,105.247055,5.24706
1416,4202.7295,105.06825,5.068245
1417,4201.9307,105.04826,5.048274
1418,4206.7065,105.16766,5.167661
1419,4206.7075,105.16768,5.1676784
1420,4201.831,105.04578,5.0457697
1421,4202.8447,105.071106,5.0711045
1422,4201.7407,105.04352,5.0435247
1423,4197.7705,104.94425,4.944253
1424,4201.775,105.04439,5.044382
1425,4205.883,105.14707,5.1470633
1426,4208.4814,105.21205,5.2120314
1427,4209.579,105.23948,5.2394795
1428,4210.566,105.264145,5.2641563
1429,4205.557,105.13894,5.1389327
1430,4204.437,105.11092,5.110919
1431,4197.6167,104.94041,4.940412
1432,4195.585,104.889626,4.8896303
1433,4191.4126,104.78532,4.7853184
1434,4188.208,104.70522,4.7052245
1435,4186.885,104.672134,4.672142
1436,4191.372,104.7843,4.784294
1437,4194.3784,104.85946,4.8594537
1438,4195.44,104.886,4.885997
1439,4194.6206,104.865524,4.8655243
1440,4198.653,104.96631,4.9663124
1441,4204.6533,105.11633,5.11634
1442,4214.4966,105.36241,5.362414
1443,4222.234,105.555824,5.5558405
1444,4220.7275,105.5182,5.5181947
1445,4214.5454,105.36365,5.36364
1446,4216.0693,105.40173,5.4017463
1447,4216.8022,105.42006,5.420062
1448,4210.2607,105.25651,5.256504
1449,4195.062,104.876564,4.876556
1450,4197.6772,104.94192,4.941929
1451,4206.753,105.16882,5.168825
1452,4209.586,105.23967,5.2396584
1453,4214.0444,105.35112,5.3511186
1454,4217.759,105.44397,5.4439726
1455,4223.207,105.58016,5.580179
1456,4216.036,105.400894,5.400895
1457,4210.625,105.265625,5.265621
1458,4223.173,105.57933,5.579334
1459,4216.703,105.41758,5.417577
1460,4219.899,105.49746,5.497472
1461,4217.096,105.42739,5.427397
1462,4211.425,105.28562,5.285623
1463,4203.3784,105.08445,5.084445
1464,4207.3335,105.183334,5.1833353
1465,4199.836,104.99589,4.9958963
1466,4202.251,105.056274,5.0562725
1467,4206.251,105.15627,5.156273
1468,4209.182,105.22954,5.2295446
1469,4213.301,105.33252,5.3325243
1470,4214.987,105.37467,5.3746715
1471,4222.299,105.55747,5.557473
1472,4223.045,105.57611,5.576111
1473,4229.579,105.73946,5.7394805
1474,4217.214,105.43036,5.4303465
1475,4213.5767,105.33942,5.3394074
1476,4215.389,105.38474,5.384731
1477,4197.781,104.944534,4.944528
1478,4196.117,104.90294,4.902932
1479,4186.745,104.6686,4.6686153
1480,4194.484,104.8621,4.8620887
1481,4201.5654,105.03915,5.0391426
1482,4206.5737,105.16435,5.164354
1483,4213.854,105.34634,5.3463464
1484,4214.0283,105.35072,5.350724
1485,4216.9136,105.42285,5.4228463
1486,4209.331,105.23328,5.233283
1487,4211.8896,105.297226,5.297237
1488,4213.2236,105.33061,5.3306007
1489,4204.8774,105.1219,5.121912
1490,4200.0166,105.00041,5.000418
1491,4207.585,105.18962,5.1896257
1492,4210.769,105.269226,5.269231
1493,4212.736,105.31842,5.318407
1494,4208.693,105.21731,5.2173142
1495,4214.201,105.35504,5.355036
1496,4208.8647,105.221634,5.2216315
1497,4201.8174,105.04545,5.045439
1498,4205.667,105.14168,5.141667
1499,4199.753,104.99381,4.993825
1500,4183.2695,104.581726,4.58174
1501,4178.7295,104.46824,4.4682307
1502,4185.5283,104.6382,4.6382065
1503,4195.6294,104.890724,4.890725
1504,4200.717,105.01791,5.017916
1505,4199.3115,104.98281,4.9828053
1506,4202.1973,105.05493,5.0549316
1507,4204.7866,105.119675,5.1196632
1508,4207.177,105.17942,5.179412
1509,4199.284,104.9821,4.982104
1510,4200.4424,105.01103,5.011051
1511,4208.1475,105.203674,5.203679
1512,4209.629,105.24072,5.2407227
1513,4205.099,105.12748,5.127467
1514,4207.0264,105.175674,5.1756687
1515,4211.2007,105.28003,5.2800245
1516,4207.919,105.19796,5.1979733
1517,4207.3247,105.18312,5.1831093
1518,4209.725,105.243126,5.243127
1519,4212.0435,105.30107,5.3010745
1520,4209.191,105.22978,5.2297754
1521,4213.1504,105.32878,5.328778
1522,4215.139,105.378456,5.3784604
1523,4222.7993,105.56999,5.5699873
1524,4226.3633,105.65908,5.659075
1525,4229.4443,105.73612,5.736121
1526,4230.836,105.7709,5.7708993
1527,4227.959,105.69896,5.6989574
1528,4220.749,105.51875,5.518733
1529,4211.396,105.2849,5.284907
1530,4209.2764,105.23192,5.2319174
1531,4216.016,105.400406,5.400407
1532,4219.05,105.47624,5.4762387
1533,4223.0586,105.57646,5.576466
1534,4225.9663,105.64915,5.649146
1535,4228.522,105.71306,5.7130556
1536,4238.9517,105.97378,5.9737825
1537,4241.8516,106.04629,6.046289
1538,4242.8184,106.07046,6.070454
1539,4241.0747,106.02684,6.0268574
1540,4238.5493,105.963745,5.9637346
1541,4240.517,106.01292,6.0129237
1542,4244.631,106.1158,6.115785
1543,4245.168,106.12919,6.1291914
1544,4241.523,106.03806,6.038062
1545,4246.9307,106.17326,6.173282
1546,4244.0293,106.10071,6.1007147
1547,4246.59,106.16476,6.164753
1548,4250.898,106.272446,6.272449
1549,4251.8276,106.29568,6.295683
1550,4254.3896,106.35974,6.3597465
1551,4239.081,105.977036,5.977027
1552,4235.9834,105.89956,5.8995733
1553,4234.582,105.86455,5.8645544
1554,4227.626,105.69066,5.6906586
1555,4228.0703,105.70176,5.701757
1556,4231.901,105.79751,5.7975135
1557,4237.7134,105.94283,5.9428353
1558,4236.52,105.913,5.9130077
1559,4226.1436,105.65359,5.6535835
1560,4230.0635,105.75157,5.751582
1561,4235.296,105.8824,5.882397
1562,4234.593,105.86482,5.8648252
1563,4234.3364,105.85841,5.858406
1564,4235.0884,105.87718,5.877188
1565,4244.546,106.11365,6.11365
1566,4232.068,105.8017,5.8017006
1567,4232.6973,105.817444,5.8174405
1568,4233.1743,105.82936,5.829358
1569,4236.028,105.90068,5.900694
1570,4229.544,105.7386,5.7385974
1571,4227.9937,105.69983,5.699832
1572,4224.151,105.603775,5.6037645
1573,4223.047,105.57617,5.5761814
1574,4209.8545,105.246376,5.2463655
1575,4211.8994,105.29747,5.297479
1576,4211.348,105.28369,5.2837014
1577,4208.5376,105.213425,5.2134275
1578,4206.5186,105.16298,5.1629763
1579,4203.776,105.09438,5.0943832
1580,4194.952,104.8738,4.8737907
1581,4196.146,104.90365,4.90364
1582,4195.8477,104.896194,4.89619
1583,4191.8013,104.79503,4.7950315
1584,4195.665,104.891624,4.891633
1585,4192.526,104.81315,4.8131514
1586,4201.2607,105.03152,5.031523
1587,4205.759,105.14398,5.143978
1588,4208.5557,105.21388,5.213887
1589,4206.444,105.16111,5.161096
1590,4209.81,105.24524,5.2452497
1591,4210.7305,105.26827,5.2682614
1592,4211.532,105.288315,5.2883077
1593,4216.122,105.40304,5.403043
1594,4213.5166,105.33789,5.337892
1595,4200.2646,105.00663,5.0066233
1596,4202.7295,105.06824,5.0682373
1597,4210.452,105.26128,5.2612963
1598,4212.898,105.32243,5.3224516
1599,4217.5327,105.43833,5.4383326
1600,4222.4346,105.56085,5.5608535
1601,4226.3726,105.6593,5.659314
1602,4232.854,105.821335,5.8213367
1603,4234.491,105.86228,5.8622794
1604,4230.875,105.77187,5.771872
1605,4235.8545,105.89635,5.89636
1606,4238.474,105.96187,5.961863
1607,4237.35,105.933754,5.9337516
1608,4238.6045,105.9651,5.9651046
1609,4233.233,105.83083,5.830833
1610,4236.0977,105.90243,5.90244
1611,4232.538,105.81348,5.8134665
1612,4234.6733,105.86684,5.86683
1613,4233.458,105.836464,5.8364644
1614,4234.7607,105.86903,5.869027
1615,4235.909,105.89773,5.8977256
1616,4236.372,105.9093,5.9092984
1617,4225.333,105.63334,5.6333265
1618,4231.617,105.79043,5.790428
1619,4239.298,105.982445,5.982447
1620,4238.584,105.9646,5.9645987
1621,4236.314,105.90786,5.907851
1622,4233.1157,105.82788,5.827895
1623,4235.141,105.87854,5.8785257
1624,4237.1255,105.92814,5.928145
1625,4238.8823,105.97206,5.9720664
1626,4222.8203,105.57051,5.5705156
1627,4224.3804,105.60951,5.6095114
1628,4228.239,105.70598,5.70597
1629,4233.661,105.84153,5.8415356
1630,4238.38,105.959496,5.9594917
1631,4238.2974,105.957436,5.9574327
1632,4239.865,105.996605,5.9966164
1633,4244.156,106.103905,6.103892
1634,4229.7515,105.7438,5.7438035
1635,4227.085,105.677124,5.6771245
1636,4236.474,105.911865,5.911862
1637,4243.5957,106.089905,6.0898952
1638,4246.0615,106.151535,6.1515455
1639,4250.837,106.27092,6.270924
1640,4252.8213,106.32051,6.3205166
1641,4256.2803,106.407,6.4070067
1642,4254.3906,106.359764,6.3597665
1643,4250.5127,106.2628,6.2628107
1644,4243.1553,106.07888,6.0788817
1645,4230.5767,105.76442,5.764427
1646,4235.108,105.87771,5.8777122
1647,4237.7188,105.94297,5.9429617
1648,4238.622,105.96555,5.9655447
1649,4235.9927,105.89982,5.8998213
1650,4236.2437,105.90609,5.9060926
1651,4232.233,105.80583,5.8058333
1652,4219.7197,105.493004,5.493
1653,4223.099,105.57749,5.5774794
1654,4231.8774,105.796936,5.796946
1655,4234.442,105.861046,5.8610473
1656,4231.93,105.79824,5.7982416
1657,4226.714,105.66785,5.667845
1658,4222.3335,105.55835,5.5583367
1659,4225.298,105.63245,5.6324434
1660,4214.792,105.36977,5.3697767
1661,4210.846,105.27116,5.271161
1662,4211.8047,105.29512,5.2951245
1663,4211.481,105.28703,5.28702
1664,4220.292,105.5073,5.5072904
1665,4222.8125,105.57031,5.5703125
1666,4220.675,105.516884,5.516881
1667,4221.396,105.5349,5.534905
1668,4227.7534,105.69383,5.6938353
1669,4226.999,105.67497,5.674976
1670,4231.6304,105.79077,5.790779
1671,4226.032,105.6508,5.6508036
1672,4220.8105,105.52028,5.5202746
1673,4222.4453,105.56111,5.561117
1674,4229.559,105.73897,5.7389717
1675,4229.9243,105.74809,5.7480927
1676,4233.132,105.828285,5.828286
1677,4231.0874,105.77721,5.7772017
1678,4231.47,105.78676,5.786755
1679,4242.162,106.054054,6.054055
1680,4247.304,106.182594,6.182603
1681,4239.7993,105.99496,5.9949694
1682,4236.7754,105.91939,5.9193835
1683,4247.399,106.18496,6.1849656
1684,4251.85,106.29624,6.29625
1685,4246.954,106.17385,6.1738534
1686,4231.962,105.79906,5.7990475
1687,4232.8916,105.82229,5.822293
1688,4238.19,105.95475,5.9547453
1689,4240.096,106.0024,6.0023947
1690,4245.0405,106.126015,6.1260157
1691,4247.8364,106.19591,6.195912
1692,4255.7646,106.394104,6.394116
1693,4256.4316,106.41079,6.4107924
1694,4259.7666,106.49418,6.4941764
1695,4260.4536,106.51133,6.511335
1696,4251.9663,106.29917,6.2991643
1697,4253.29,106.33224,6.3322506
1698,4246.458,106.16144,6.1614423
1699,4243.042,106.076035,6.0760436
1700,4252.475,106.31187,6.31187
1701,4251.8076,106.295204,6.2951956
1702,4248.3984,106.209984,6.209974
1703,4244.076,106.101906,6.101902
1704,4239.94,105.9985,5.998496
1705,4245.11,106.12773,6.1277385
1706,4238.497,105.96244,5.962434
1707,4232.0645,105.80161,5.8016167
1708,4228.994,105.72484,5.7248445
1709,4224.0713,105.60178,5.6017847
1710,4222.8877,105.57219,5.572196
1711,4220.784,105.51959,5.519611
1712,4218.917,105.47294,5.472934
1713,4210.051,105.25128,5.2512856
1714,4218.5693,105.46425,5.4642363
1715,4223.579,105.58949,5.589484
1716,4229.4536,105.73633,5.7363343
1717,4236.2812,105.907005,5.907016
1718,4234.8296,105.87075,5.8707423
1719,4228.9404,105.72353,5.723523
1720,4224.943,105.62356,5.6235714
1721,4217.296,105.43241,5.432411
1722,4224.4106,105.610245,5.6102533
1723,4226.354,105.65886,5.6588593
1724,4238.9067,105.97264,5.972647
1725,4235.858,105.89645,5.8964486
1726,4233.0854,105.82713,5.827134
1727,4238.671,105.96678,5.9667754
1728,4236.8154,105.92039,5.9203854
1729,4235.778,105.894455,5.8944483
1730,4234.667,105.86668,5.8666744
1731,4238.624,105.9656,5.9656
1732,4235.374,105.88436,5.8843656
1733,4232.775,105.81938,5.819372
1734,4230.488,105.762184,5.762193
1735,4233.9404,105.84851,5.848504
1736,4227.122,105.678055,5.678059
1737,4220.119,105.50297,5.50298
1738,4227.4165,105.68541,5.6854105
1739,4235.594,105.88987,5.889856
1740,4236.5015,105.91254,5.9125304
1741,4234.243,105.85608,5.8560686
1742,4235.7036,105.89259,5.8925915
1743,4236.671,105.91679,5.916782
1744,4244.1904,106.10475,6.10475
1745,4243.016,106.0754,6.075408
1746,4243.703,106.09257,6.0925713
1747,4251.661,106.29152,6.291513
1748,4245.552,106.138794,6.1387897
1749,4251.734,106.29335,6.293348
1750,4255.827,106.39565,6.395667
1751,4263.632,106.5908,6.590789
1752,4263.17,106.57925,6.579245
1753,4259.1074,106.477684,6.477683
1754,4254.0522,106.35132,6.351315
1755,4252.657,106.31643,6.316436
1756,4251.818,106.295456,6.2954636
1757,4248.272,106.2068,6.206807
1758,4248.3945,106.209854,6.2098603
1759,4254.235,106.35586,6.3558683
1760,4254.8896,106.37224,6.3722405
1761,4261.966,106.54915,6.549154
1762,4271.402,106.785034,6.7850356
1763,4279.161,106.97902,6.9790115
1764,4283.957,107.098915,7.0989113
1765,4283.9805,107.09951,7.099508
1766,4285.479,107.13698,7.136973
1767,4289.9897,107.24973,7.2497396
1768,4286.322,107.15804,7.1580544
1769,4282.551,107.06374,7.0637574
1770,4285.3906,107.134766,7.1347756
1771,4286.9336,107.173325,7.173339
1772,4284.303,107.10758,7.1075797
1773,4281.4644,107.03662,7.0366163
1774,4281.756,107.0439,7.0438943
1775,4273.763,106.84409,6.844079
1776,4272.7964,106.81995,6.819926
1777,4280.395,107.00987,7.0098763
1778,4282.0615,107.05155,7.0515413
1779,4283.2544,107.08136,7.0813637
1780,4287.827,107.19566,7.1956735
1781,4296.353,107.40881,7.408822
1782,4299.631,107.49077,7.4907694
1783,4287.8867,107.19717,7.197168
1784,4288.496,107.2124,7.2124033
1785,4290.448,107.261215,7.261218
1786,4287.3975,107.18494,7.184935
1787,4279.2524,106.9813,6.9813066
1788,4275.5444,106.888626,6.888621
1789,4281.479,107.03699,7.036975
1790,4285.8564,107.14641,7.1464005
1791,4279.961,106.99904,6.999031
1792,4278.1924,106.95481,6.9548044
1793,4278.211,106.95526,6.955262
1794,4280.4873,107.01217,7.0121803
1795,4283.358,107.08394,7.083934
1796,4290.811,107.27026,7.270266
1797,4277.6924,106.9423,6.9422936
1798,4274.091,106.85228,6.8522806
1799,4277.848,106.946205,6.9462204
1800,4273.6104,106.840256,6.840258
1801,4264.1196,106.603004,6.6029882
1802,4256.843,106.42107,6.4210687
1803,4251.0454,106.27614,6.2761397
1804,4257.6475,106.441185,6.441179
1805,4265.549,106.63872,6.63872
1806,4277.0557,106.92638,6.926379
1807,4266.739,106.66848,6.6684694
1808,4252.175,106.30437,6.304368
1809,4247.315,106.182884,6.182892
1810,4247.6616,106.19153,6.191542
1811,4250.3506,106.25874,6.258747
1812,4249.6675,106.2417,6.2416945
1813,4244.75,106.11874,6.11874
1814,4247.7393,106.19348,6.19349
1815,4240.251,106.00627,6.006271
1816,4236.655,105.91637,5.916374
1817,4239.96,105.999,5.9990034
1818,4240.172,106.004295,6.004303
1819,4239.845,105.99613,5.996127
1820,4240.178,106.00447,6.004461
1821,4243.0195,106.075516,6.075503
1822,4247.034,106.17586,6.17586
1823,4248.085,106.20213,6.202136
1824,4239.897,105.99741,5.9974155
1825,4237.0107,105.92527,5.9252663
1826,4246.5894,106.164734,6.1647325
1827,4265.0557,106.62638,6.626376
1828,4269.3765,106.7344,6.734404
1829,4269.941,106.74851,6.748521
1830,4274.6416,106.86604,6.866037
1831,4276.9097,106.92275,6.922755
1832,4281.675,107.04187,7.0418687
1833,4290.9663,107.27417,7.2741623
1834,4293.611,107.34029,7.3402815
1835,4293.753,107.34383,7.3438263
1836,4294.4077,107.36019,7.3601885
1837,4295.779,107.394485,7.394479
1838,4294.448,107.361206,7.3612046
1839,4288.841,107.22102,7.221025
1840,4287.138,107.178444,7.17845
1841,4280.306,107.00767,7.007656
1842,4277.7446,106.94362,6.943611
1843,4277.7915,106.94478,6.944789
1844,4286.756,107.1689,7.168905
1845,4276.929,106.92322,6.9232283
1846,4279.224,106.98057,6.980587
1847,4282.734,107.068344,7.0683455
1848,4281.3726,107.034325,7.0343223
1849,4282.532,107.06331,7.063302
1850,4281.4463,107.03617,7.0361533
1851,4284.684,107.1171,7.1171045
1852,4284.279,107.10697,7.106981
1853,4285.9067,107.14767,7.147667
1854,4273.7344,106.84337,6.843367
1855,4276.6655,106.916626,6.9166374
1856,4257.666,106.44165,6.44164
1857,4255.4717,106.386795,6.3867927
1858,4256.1025,106.40257,6.40257
1859,4252.0396,106.30099,6.300993
1860,4240.649,106.01621,6.0162125
1861,4241.8643,106.04661,6.046614
1862,4259.091,106.47727,6.477278
1863,4271.068,106.776695,6.7766953
1864,4271.4727,106.78682,6.7868156
1865,4273.319,106.83295,6.8329606
1866,4276.3955,106.909874,6.9098825
1867,4272.481,106.81203,6.812024
1868,4273.585,106.83962,6.8396225
1869,4276.5396,106.913475,6.9134865
1870,4279.9966,106.999916,6.9999113
1871,4285.389,107.13473,7.1347337
1872,4290.1436,107.253586,7.2535872
1873,4294.0186,107.35045,7.3504577
1874,4281.05,107.02623,7.026239
1875,4283.927,107.09818,7.0981736
1876,4274.565,106.86411,6.864113
1877,4257.602,106.44004,6.4400454
1878,4249.949,106.24873,6.2487245
1879,4247.663,106.191574,6.1915746
1880,4249.1396,106.22848,6.228484
1881,4254.8076,106.3702,6.370206
1882,4255.469,106.386734,6.386735
1883,4260.8765,106.52191,6.521908
1884,4256.262,106.40657,6.406563
1885,4255.172,106.379295,6.379293
1886,4259.357,106.483925,6.4839234
1887,4260.5176,106.512924,6.5129395
1888,4260.883,106.52207,6.522071
1889,4251.595,106.289894,6.2898827
1890,4251.251,106.28125,6.2812643
1891,4252.5093,106.312744,6.312748
1892,4245.999,106.14996,6.149967
1893,4244.751,106.11881,6.1187944
1894,4249.732,106.24331,6.243311
1895,4251.071,106.27677,6.2767687
1896,4258.9443,106.47361,6.4736032
1897,4261.5537,106.53884,6.5388427
1898,4276.249,106.90623,6.906232
1899,4283.8228,107.09558,7.0955667
1900,4277.1787,106.92946,6.929452
1901,4269.9897,106.74973,6.7497416
1902,4271.5205,106.78801,6.788012
1903,4279.3237,106.98308,6.983088
1904,4281.233,107.03082,7.030814
1905,4278.209,106.95522,6.955227
1906,4286.3584,107.15896,7.158966
1907,4293.856,107.3464,7.3464
1908,4300.958,107.52395,7.5239525
1909,4295.2607,107.38153,7.381528
1910,4285.9585,107.14897,7.1489615
1911,4274.022,106.85055,6.8505464
1912,4275.7637,106.89408,6.8940873
1913,4280.927,107.023155,7.0231614
1914,4278.8506,106.97127,6.9712677
1915,4283.4834,107.08708,7.087095
1916,4283.238,107.080956,7.0809493
1917,4281.3877,107.03468,7.034696
1918,4284.223,107.105576,7.105581
1919,4289.6826,107.24205,7.2420607
1920,4292.1084,107.30271,7.3027077
1921,4284.0347,107.100876,7.1008773
1922,4285.058,107.12643,7.126432
1923,4290.727,107.26819,7.2681837
1924,4288.776,107.2194,7.219391
1925,4296.2783,107.40697,7.406976
1926,4294.822,107.37056,7.370553
1927,4302.3174,107.55796,7.5579543
1928,4300.0576,107.50145,7.5014505
1929,4297.9976,107.449936,7.449931
1930,4302.5264,107.56315,7.5631533
1931,4307.1587,107.67897,7.6789713
1932,4303.8,107.59499,7.595008
1933,4302.2227,107.555565,7.555558
1934,4299.6235,107.490585,7.4905853
1935,4292.7847,107.319626,7.3196282
1936,4298.109,107.452736,7.4527235
1937,4305.6396,107.64099,7.641004
1938,4306.059,107.65149,7.65148
1939,4300.4893,107.51222,7.512226
1940,4291.2275,107.2807,7.280694
1941,4289.7944,107.24486,7.2448606
1942,4298.415,107.460365,7.460369
1943,4305.3687,107.63423,7.6342225
1944,4309.8374,107.745926,7.745931
1945,4301.3843,107.53461,7.534607
1946,4299.6157,107.49038,7.4903746
1947,4305.9326,107.648315,7.64832
1948,4310.267,107.756676,7.756688
1949,4310.2134,107.75533,7.7553344
1950,4315.0244,107.87561,7.8756094
1951,4313.0156,107.82539,7.8253913
1952,4304.2974,107.60744,7.6074357
1953,4308.107,107.70266,7.70267
1954,4308.1455,107.70365,7.7036448
1955,4313.005,107.82512,7.8251066
1956,4315.576,107.889404,7.889409
1957,4314.2563,107.856384,7.856397
1958,4314.1455,107.85362,7.853639
1959,4310.6587,107.76646,7.766464
1960,4308.878,107.72196,7.721949
1961,4300.0415,107.50104,7.501036
1962,4300.845,107.52114,7.5211434
1963,4310.267,107.75669,7.756686
1964,4305.507,107.637695,7.637689
1965,4286.2866,107.157166,7.157171
1966,4283.4976,107.08745,7.087439
1967,4285.749,107.14372,7.143716
1968,4288.626,107.21565,7.21565
1969,4293.603,107.340065,7.340069
1970,4290.3154,107.25789,7.257886
1971,4288.4004,107.21,7.209998
1972,4285.4233,107.13558,7.135577
1973,4282.9946,107.07487,7.074857
1974,4270.7817,106.76953,6.7695436
1975,4253.502,106.33754,6.3375473
1976,4251.988,106.2997,6.2996926
1977,4249.654,106.24133,6.241337
1978,4254.356,106.3589,6.358886
1979,4263.098,106.57743,6.5774384
1980,4261.6416,106.54104,6.541037
1981,4266.072,106.65181,6.6518097
1982,4275.9697,106.89923,6.8992434
1983,4289.003,107.225075,7.2250648
1984,4280.6123,107.01532,7.01532
1985,4276.6064,106.91516,6.915156
1986,4277.34,106.93351,6.933501
1987,4280.794,107.01984,7.0198374
1988,4281.783,107.04458,7.044589
1989,4284.372,107.1093,7.109308
1990,4277.7544,106.94385,6.9438486
1991,4283.768,107.09419,7.0941987
1992,4281.068,107.026695,7.026704
1993,4276.6787,106.916954,6.9169626
1994,4280.802,107.020035,7.0200324
1995,4284.7607,107.11902,7.1190147
1996,4287.8804,107.19701,7.197011
1997,4278.3833,106.95958,6.9595785
1998,4274.6455,106.866135,6.8661437
1999,4275.601,106.890015,6.890016
2000,4270.7485,106.76872,6.7687173
